Country,Rates
France,670
Spain,56
Italy,417
UnitedStates,646
Mexico,623
China,353
Turkey,469
Germany,486
UnitedKingdom,257
Thailand,319
Japan,17
Austria,380
Greece,295
Russia,185
Malaysia,287
HongKong,418
Portugal,884
Australia,295
NewZealand,243
Vietnam,691
Croatia,468
Canada,188
Netherlands,116
SouthKorea,48
SaudiArabia,856
Poland,139
Ukraine,900
Singapore,400
Indonesia,54
CzechRepublic,291
Portugal,907
Hungary,119
Macao,487
India,693
UnitedArabEmirates,892
Ireland,402
Switzerland,321
SouthAfrica,779
Ireland,603
Denmark,863
Belgium,911
Norway,309
Sweden,209
Iceland,52
Finland,156
Peru,630
Argentina,894
Chile,629
Colombia,90
Ecuador,153